{
  "defimgname": "mapp.jpg",
  "text": "text.txt",
  "xl": 37.513499,
  "yl": 55.875643,
  "xr": 37.542553,
  "yr": 55.865122
}
